{
  "Packages": [
    {
      "Package": {
        "Id": "UiPath.Excel.Activities",
        "Version": "2.7.2"
      },
      "Assemblies": [
        "C:\\Users\\CharugullaS\\.nuget\\packages\\closedxml/0.87.1\\lib/net40/ClosedXML.dll",
        "C:\\Users\\CharugullaS\\.nuget\\packages\\csvhelper/2.13.5\\lib/net40-client/CsvHelper.dll",
        "C:\\Users\\CharugullaS\\.nuget\\packages\\documentformat.openxml/2.5.0\\lib/DocumentFormat.OpenXml.dll",
        "C:\\Users\\CharugullaS\\.nuget\\packages\\microsoft.visualstudio.ole.interop/7.10.6071\\lib/Microsoft.VisualStudio.OLE.Interop.dll",
        "C:\\Users\\CharugullaS\\.nuget\\packages\\npoi/2.4.1\\lib/net45/NPOI.OOXML.dll",
        "C:\\Users\\CharugullaS\\.nuget\\packages\\npoi/2.4.1\\lib/net45/NPOI.OpenXml4Net.dll",
        "C:\\Users\\CharugullaS\\.nuget\\packages\\npoi/2.4.1\\lib/net45/NPOI.OpenXmlFormats.dll",
        "C:\\Users\\CharugullaS\\.nuget\\packages\\npoi/2.4.1\\lib/net45/NPOI.dll",
        "C:\\Users\\CharugullaS\\.nuget\\packages\\sharpziplib/1.0.0\\lib/net45/ICSharpCode.SharpZipLib.dll",
        "C:\\Users\\CharugullaS\\.nuget\\packages\\uipath.excel.activities/2.7.2\\lib/net461/UiPath.Excel.Activities.Design.dll",
        "C:\\Users\\CharugullaS\\.nuget\\packages\\uipath.excel.activities/2.7.2\\lib/net461/UiPath.Excel.Activities.dll",
        "C:\\Users\\CharugullaS\\.nuget\\packages\\uipath.excel.activities/2.7.2\\lib/net461/UiPath.Excel.dll"
      ]
    },
    {
      "Package": {
        "Id": "UiPath.System.Activities",
        "Version": "19.10.1"
      },
      "Assemblies": [
        "C:\\Users\\CharugullaS\\.nuget\\packages\\csvhelper/2.13.5\\lib/net40-client/CsvHelper.dll",
        "C:\\Users\\CharugullaS\\.nuget\\packages\\microsoft.aspnet.signalr.client/2.4.0\\lib/net45/Microsoft.AspNet.SignalR.Client.dll",
        "C:\\Users\\CharugullaS\\.nuget\\packages\\microsoft.rest.clientruntime/2.3.20\\lib/net461/Microsoft.Rest.ClientRuntime.dll",
        "C:\\Users\\CharugullaS\\.nuget\\packages\\newtonsoft.json/13.0.1\\lib/net45/Newtonsoft.Json.dll",
        "C:\\Users\\CharugullaS\\.nuget\\packages\\uipath.system.activities/19.10.1\\lib/net461/ActiproSoftware.Docking.Wpf.dll",
        "C:\\Users\\CharugullaS\\.nuget\\packages\\uipath.system.activities/19.10.1\\lib/net461/ActiproSoftware.Ribbon.Wpf.dll",
        "C:\\Users\\CharugullaS\\.nuget\\packages\\uipath.system.activities/19.10.1\\lib/net461/ActiproSoftware.Shared.Wpf.dll",
        "C:\\Users\\CharugullaS\\.nuget\\packages\\uipath.system.activities/19.10.1\\lib/net461/ActiproSoftware.SyntaxEditor.Addons.DotNet.Wpf.dll",
        "C:\\Users\\CharugullaS\\.nuget\\packages\\uipath.system.activities/19.10.1\\lib/net461/ActiproSoftware.SyntaxEditor.Wpf.dll",
        "C:\\Users\\CharugullaS\\.nuget\\packages\\uipath.system.activities/19.10.1\\lib/net461/ActiproSoftware.Text.Addons.DotNet.Wpf.dll",
        "C:\\Users\\CharugullaS\\.nuget\\packages\\uipath.system.activities/19.10.1\\lib/net461/ActiproSoftware.Text.LLParser.Wpf.dll",
        "C:\\Users\\CharugullaS\\.nuget\\packages\\uipath.system.activities/19.10.1\\lib/net461/ActiproSoftware.Text.Wpf.dll",
        "C:\\Users\\CharugullaS\\.nuget\\packages\\uipath.system.activities/19.10.1\\lib/net461/ActiproSoftware.Wizard.Wpf.dll",
        "C:\\Users\\CharugullaS\\.nuget\\packages\\uipath.system.activities/19.10.1\\lib/net461/UiPath.OrchestratorClient.dll",
        "C:\\Users\\CharugullaS\\.nuget\\packages\\uipath.system.activities/19.10.1\\lib/net461/UiPath.System.Activities.Design.dll",
        "C:\\Users\\CharugullaS\\.nuget\\packages\\uipath.system.activities/19.10.1\\lib/net461/UiPath.System.Activities.dll"
      ]
    },
    {
      "Package": {
        "Id": "UiPath.UIAutomation.Activities",
        "Version": "19.11.1"
      },
      "Assemblies": [
        "C:\\Users\\CharugullaS\\.nuget\\packages\\avalonedit/5.0.3\\lib/Net40/ICSharpCode.AvalonEdit.dll",
        "C:\\Users\\CharugullaS\\.nuget\\packages\\extended.wpf.toolkit/2.8.0\\lib/net40/Xceed.Wpf.AvalonDock.Themes.Aero.dll",
        "C:\\Users\\CharugullaS\\.nuget\\packages\\extended.wpf.toolkit/2.8.0\\lib/net40/Xceed.Wpf.AvalonDock.Themes.Metro.dll",
        "C:\\Users\\CharugullaS\\.nuget\\packages\\extended.wpf.toolkit/2.8.0\\lib/net40/Xceed.Wpf.AvalonDock.Themes.VS2010.dll",
        "C:\\Users\\CharugullaS\\.nuget\\packages\\extended.wpf.toolkit/2.8.0\\lib/net40/Xceed.Wpf.AvalonDock.dll",
        "C:\\Users\\CharugullaS\\.nuget\\packages\\extended.wpf.toolkit/2.8.0\\lib/net40/Xceed.Wpf.DataGrid.dll",
        "C:\\Users\\CharugullaS\\.nuget\\packages\\extended.wpf.toolkit/2.8.0\\lib/net40/Xceed.Wpf.Toolkit.dll",
        "C:\\Users\\CharugullaS\\.nuget\\packages\\humanizer.core/2.4.2\\lib/netstandard2.0/Humanizer.dll",
        "C:\\Users\\CharugullaS\\.nuget\\packages\\newtonsoft.json/13.0.1\\lib/net45/Newtonsoft.Json.dll",
        "C:\\Users\\CharugullaS\\.nuget\\packages\\uipath/19.10.7312.25504\\lib/UiPath.Interop.dll",
        "C:\\Users\\CharugullaS\\.nuget\\packages\\uipath.ocr.contracts/2.2.1\\lib/net45/UiPath.OCR.Contracts.dll",
        "C:\\Users\\CharugullaS\\.nuget\\packages\\uipath.uiautomation.activities/19.11.1\\lib/net461/ActiproSoftware.DataGrid.Contrib.Wpf.dll",
        "C:\\Users\\CharugullaS\\.nuget\\packages\\uipath.uiautomation.activities/19.11.1\\lib/net461/ActiproSoftware.Docking.Wpf.dll",
        "C:\\Users\\CharugullaS\\.nuget\\packages\\uipath.uiautomation.activities/19.11.1\\lib/net461/ActiproSoftware.Editors.Wpf.dll",
        "C:\\Users\\CharugullaS\\.nuget\\packages\\uipath.uiautomation.activities/19.11.1\\lib/net461/ActiproSoftware.Ribbon.Wpf.dll",
        "C:\\Users\\CharugullaS\\.nuget\\packages\\uipath.uiautomation.activities/19.11.1\\lib/net461/ActiproSoftware.Shared.Wpf.dll",
        "C:\\Users\\CharugullaS\\.nuget\\packages\\uipath.uiautomation.activities/19.11.1\\lib/net461/ActiproSoftware.SyntaxEditor.Addons.DotNet.Wpf.dll",
        "C:\\Users\\CharugullaS\\.nuget\\packages\\uipath.uiautomation.activities/19.11.1\\lib/net461/ActiproSoftware.SyntaxEditor.Wpf.dll",
        "C:\\Users\\CharugullaS\\.nuget\\packages\\uipath.uiautomation.activities/19.11.1\\lib/net461/ActiproSoftware.Text.Addons.DotNet.Wpf.dll",
        "C:\\Users\\CharugullaS\\.nuget\\packages\\uipath.uiautomation.activities/19.11.1\\lib/net461/ActiproSoftware.Text.LLParser.Wpf.dll",
        "C:\\Users\\CharugullaS\\.nuget\\packages\\uipath.uiautomation.activities/19.11.1\\lib/net461/ActiproSoftware.Text.Wpf.dll",
        "C:\\Users\\CharugullaS\\.nuget\\packages\\uipath.uiautomation.activities/19.11.1\\lib/net461/ActiproSoftware.Wizard.Wpf.dll",
        "C:\\Users\\CharugullaS\\.nuget\\packages\\uipath.uiautomation.activities/19.11.1\\lib/net461/UiPath.CV.Activities.Design.dll",
        "C:\\Users\\CharugullaS\\.nuget\\packages\\uipath.uiautomation.activities/19.11.1\\lib/net461/UiPath.CV.Activities.dll",
        "C:\\Users\\CharugullaS\\.nuget\\packages\\uipath.uiautomation.activities/19.11.1\\lib/net461/UiPath.CV.dll",
        "C:\\Users\\CharugullaS\\.nuget\\packages\\uipath.uiautomation.activities/19.11.1\\lib/net461/UiPath.UIAutomation.Activities.Design.dll",
        "C:\\Users\\CharugullaS\\.nuget\\packages\\uipath.uiautomation.activities/19.11.1\\lib/net461/UiPath.UiAutomation.Activities.dll",
        "C:\\Users\\CharugullaS\\.nuget\\packages\\uipath.uiautomation.activities/19.11.1\\lib/net461/UiPath.Wizards.dll",
        "C:\\Users\\CharugullaS\\.nuget\\packages\\uipath.vision/2.0.0\\lib/net452/UiPath.Vision.AzureComputerVision.dll",
        "C:\\Users\\CharugullaS\\.nuget\\packages\\uipath.vision/2.0.0\\lib/net452/UiPath.Vision.Core.dll",
        "C:\\Users\\CharugullaS\\.nuget\\packages\\uipath.vision/2.0.0\\lib/net452/UiPath.Vision.GoogleCloud.dll",
        "C:\\Users\\CharugullaS\\.nuget\\packages\\uipath.vision/2.0.0\\lib/net452/UiPath.Vision.Microsoft.dll",
        "C:\\Users\\CharugullaS\\.nuget\\packages\\uipath.vision/2.0.0\\lib/net452/UiPath.Vision.MicrosoftCloud.dll",
        "C:\\Users\\CharugullaS\\.nuget\\packages\\uipath.vision/2.0.0\\lib/net452/UiPath.Vision.Tesseract.dll",
        "C:\\Users\\CharugullaS\\.nuget\\packages\\uipath.vision/2.0.0\\lib/net452/UiPath.Vision.dll"
      ]
    },
    {
      "Package": {
        "Id": "UiPath.Mail.Activities",
        "Version": "1.15.2"
      },
      "Assemblies": [
        "C:\\Users\\CharugullaS\\.nuget\\packages\\google.apis/1.55.0\\lib/net45/Google.Apis.dll",
        "C:\\Users\\CharugullaS\\.nuget\\packages\\google.apis/1.55.0\\lib/net45/Google.Apis.PlatformServices.dll",
        "C:\\Users\\CharugullaS\\.nuget\\packages\\google.apis.auth/1.55.0\\lib/net461/Google.Apis.Auth.dll",
        "C:\\Users\\CharugullaS\\.nuget\\packages\\google.apis.auth/1.55.0\\lib/net461/Google.Apis.Auth.PlatformServices.dll",
        "C:\\Users\\CharugullaS\\.nuget\\packages\\google.apis.calendar.v3/1.55.0.2554\\lib/net45/Google.Apis.Calendar.v3.dll",
        "C:\\Users\\CharugullaS\\.nuget\\packages\\google.apis.core/1.55.0\\lib/net45/Google.Apis.Core.dll",
        "C:\\Users\\CharugullaS\\.nuget\\packages\\google.apis.gmail.v1/1.55.0.2510\\lib/net45/Google.Apis.Gmail.v1.dll",
        "C:\\Users\\CharugullaS\\.nuget\\packages\\google.apis.peopleservice.v1/1.55.0.2567\\lib/net45/Google.Apis.PeopleService.v1.dll",
        "C:\\Users\\CharugullaS\\.nuget\\packages\\htmlagilitypack/1.11.38\\lib/Net45/HtmlAgilityPack.dll",
        "C:\\Users\\CharugullaS\\.nuget\\packages\\mailkit/3.1.1\\lib/net46/MailKit.dll",
        "C:\\Users\\CharugullaS\\.nuget\\packages\\microsoft.exchange.webservices/2.2.0\\lib/40/Microsoft.Exchange.WebServices.Auth.dll",
        "C:\\Users\\CharugullaS\\.nuget\\packages\\microsoft.exchange.webservices/2.2.0\\lib/40/Microsoft.Exchange.WebServices.dll",
        "C:\\Users\\CharugullaS\\.nuget\\packages\\microsoft.extensions.filesystemglobbing/5.0.0\\lib/net461/Microsoft.Extensions.FileSystemGlobbing.dll",
        "C:\\Users\\CharugullaS\\.nuget\\packages\\microsoft.identity.client/4.35.1\\lib/net461/Microsoft.Identity.Client.dll",
        "C:\\Users\\CharugullaS\\.nuget\\packages\\microsoft.identity.client.desktop/4.35.1\\lib/net461/Microsoft.Identity.Client.Desktop.dll",
        "C:\\Users\\CharugullaS\\.nuget\\packages\\microsoft.identitymodel.jsonwebtokens/6.12.2\\lib/net461/Microsoft.IdentityModel.JsonWebTokens.dll",
        "C:\\Users\\CharugullaS\\.nuget\\packages\\microsoft.identitymodel.logging/6.12.2\\lib/net461/Microsoft.IdentityModel.Logging.dll",
        "C:\\Users\\CharugullaS\\.nuget\\packages\\microsoft.identitymodel.tokens/6.12.2\\lib/net461/Microsoft.IdentityModel.Tokens.dll",
        "C:\\Users\\CharugullaS\\.nuget\\packages\\microsoft.web.webview2/1.0.864.35\\lib/net45/Microsoft.Web.WebView2.Core.dll",
        "C:\\Users\\CharugullaS\\.nuget\\packages\\microsoft.web.webview2/1.0.864.35\\lib/net45/Microsoft.Web.WebView2.WinForms.dll",
        "C:\\Users\\CharugullaS\\.nuget\\packages\\microsoft.web.webview2/1.0.864.35\\lib/net45/Microsoft.Web.WebView2.Wpf.dll",
        "C:\\Users\\CharugullaS\\.nuget\\packages\\mimekit/3.1.1\\lib/net46/MimeKit.dll",
        "C:\\Users\\CharugullaS\\.nuget\\packages\\newtonsoft.json/13.0.1\\lib/net45/Newtonsoft.Json.dll",
        "C:\\Users\\CharugullaS\\.nuget\\packages\\nito.asyncex.context/5.1.0\\lib/netstandard2.0/Nito.AsyncEx.Context.dll",
        "C:\\Users\\CharugullaS\\.nuget\\packages\\nito.asyncex.coordination/5.1.0\\lib/netstandard2.0/Nito.AsyncEx.Coordination.dll",
        "C:\\Users\\CharugullaS\\.nuget\\packages\\nito.asyncex.interop.waithandles/5.1.0\\lib/netstandard2.0/Nito.AsyncEx.Interop.WaitHandles.dll",
        "C:\\Users\\CharugullaS\\.nuget\\packages\\nito.asyncex.oop/5.1.0\\lib/netstandard2.0/Nito.AsyncEx.Oop.dll",
        "C:\\Users\\CharugullaS\\.nuget\\packages\\nito.asyncex.tasks/5.1.0\\lib/netstandard2.0/Nito.AsyncEx.Tasks.dll",
        "C:\\Users\\CharugullaS\\.nuget\\packages\\nito.cancellation/1.1.0\\lib/netstandard2.0/Nito.Cancellation.dll",
        "C:\\Users\\CharugullaS\\.nuget\\packages\\nito.collections.deque/1.1.0\\lib/netstandard2.0/Nito.Collections.Deque.dll",
        "C:\\Users\\CharugullaS\\.nuget\\packages\\nito.disposables/2.2.0\\lib/net461/Nito.Disposables.dll",
        "C:\\Users\\CharugullaS\\.nuget\\packages\\portable.bouncycastle/1.9.0\\lib/net40/BouncyCastle.Crypto.dll",
        "C:\\Users\\CharugullaS\\.nuget\\packages\\system.buffers/4.5.1\\lib/net461/System.Buffers.dll",
        "C:\\Users\\CharugullaS\\.nuget\\packages\\system.collections.immutable/1.4.0\\lib/netstandard2.0/System.Collections.Immutable.dll",
        "C:\\Users\\CharugullaS\\.nuget\\packages\\system.identitymodel.tokens.jwt/6.12.2\\lib/net461/System.IdentityModel.Tokens.Jwt.dll",
        "C:\\Users\\CharugullaS\\.nuget\\packages\\system.io.abstractions/3.0.10\\lib/net40/System.IO.Abstractions.dll",
        "C:\\Users\\CharugullaS\\.nuget\\packages\\system.threading.tasks.dataflow/5.0.0\\lib/net461/System.Threading.Tasks.Dataflow.dll",
        "C:\\Users\\CharugullaS\\.nuget\\packages\\system.valuetuple/4.5.0\\lib/net461/System.ValueTuple.dll",
        "C:\\Users\\CharugullaS\\.nuget\\packages\\uipath.activities.runtimegovernance/1.1.3\\lib/net461/UiPath.Activities.RuntimeGovernance.dll",
        "C:\\Users\\CharugullaS\\.nuget\\packages\\uipath.connectionclient/1.3.0\\lib/net461/ConnectionClient.dll",
        "C:\\Users\\CharugullaS\\.nuget\\packages\\uipath.mail.activities/1.15.2\\lib/net461/Interop.Domino.UiPath.dll",
        "C:\\Users\\CharugullaS\\.nuget\\packages\\uipath.mail.activities/1.15.2\\lib/net461/Microsoft.Office.Interop.Outlook.dll",
        "C:\\Users\\CharugullaS\\.nuget\\packages\\uipath.mail.activities/1.15.2\\lib/net461/Microsoft.Office.Interop.Word.dll",
        "C:\\Users\\CharugullaS\\.nuget\\packages\\uipath.mail.activities/1.15.2\\lib/net461/Office.dll",
        "C:\\Users\\CharugullaS\\.nuget\\packages\\uipath.mail.activities/1.15.2\\lib/net461/UiPath.Mail.Activities.Design.dll",
        "C:\\Users\\CharugullaS\\.nuget\\packages\\uipath.mail.activities/1.15.2\\lib/net461/UiPath.Mail.Activities.dll",
        "C:\\Users\\CharugullaS\\.nuget\\packages\\uipath.mail.activities/1.15.2\\lib/net461/UiPath.Mail.Activities.Package.dll",
        "C:\\Users\\CharugullaS\\.nuget\\packages\\uipath.mail.activities/1.15.2\\lib/net461/UiPath.Mail.dll",
        "C:\\Users\\CharugullaS\\.nuget\\packages\\uipath.mail.activities/1.15.2\\lib/net461/UiPath.MainSessionServer.Shared.dll",
        "C:\\Users\\CharugullaS\\.nuget\\packages\\uipath.platform/22.4.0\\lib/net461/UiPath.Platform.dll",
        "C:\\Users\\CharugullaS\\.nuget\\packages\\uipath.telemetry.client/1.5.3\\lib/net461/TelemetryClient.dll"
      ]
    }
  ],
  "Conflicts": [],
  "ResolvedDependencies": {
    "AvalonEdit": {
      "Id": "AvalonEdit",
      "Version": "5.0.3",
      "Dependencies": []
    },
    "ClosedXML": {
      "Id": "ClosedXML",
      "Version": "0.87.1",
      "Dependencies": [
        {
          "Item1": "DocumentFormat.OpenXml",
          "Item2": "[2.5.0, )"
        }
      ]
    },
    "CsvHelper": {
      "Id": "CsvHelper",
      "Version": "2.13.5",
      "Dependencies": []
    },
    "DocumentFormat.OpenXml": {
      "Id": "DocumentFormat.OpenXml",
      "Version": "2.5.0",
      "Dependencies": []
    },
    "Extended.Wpf.Toolkit": {
      "Id": "Extended.Wpf.Toolkit",
      "Version": "2.8.0",
      "Dependencies": []
    },
    "Google.Apis": {
      "Id": "Google.Apis",
      "Version": "1.55.0",
      "Dependencies": [
        {
          "Item1": "Google.Apis.Core",
          "Item2": "[1.55.0, )"
        }
      ]
    },
    "Google.Apis.Auth": {
      "Id": "Google.Apis.Auth",
      "Version": "1.55.0",
      "Dependencies": [
        {
          "Item1": "Google.Apis.Core",
          "Item2": "[1.55.0, )"
        },
        {
          "Item1": "Google.Apis",
          "Item2": "[1.55.0, )"
        }
      ]
    },
    "Google.Apis.Calendar.v3": {
      "Id": "Google.Apis.Calendar.v3",
      "Version": "1.55.0.2554",
      "Dependencies": [
        {
          "Item1": "Google.Apis",
          "Item2": "[1.55.0, )"
        },
        {
          "Item1": "Google.Apis.Auth",
          "Item2": "[1.55.0, )"
        }
      ]
    },
    "Google.Apis.Core": {
      "Id": "Google.Apis.Core",
      "Version": "1.55.0",
      "Dependencies": [
        {
          "Item1": "Newtonsoft.Json",
          "Item2": "[13.0.1, )"
        }
      ]
    },
    "Google.Apis.Gmail.v1": {
      "Id": "Google.Apis.Gmail.v1",
      "Version": "1.55.0.2510",
      "Dependencies": [
        {
          "Item1": "Google.Apis",
          "Item2": "[1.55.0, )"
        },
        {
          "Item1": "Google.Apis.Auth",
          "Item2": "[1.55.0, )"
        }
      ]
    },
    "Google.Apis.PeopleService.v1": {
      "Id": "Google.Apis.PeopleService.v1",
      "Version": "1.55.0.2567",
      "Dependencies": [
        {
          "Item1": "Google.Apis",
          "Item2": "[1.55.0, )"
        },
        {
          "Item1": "Google.Apis.Auth",
          "Item2": "[1.55.0, )"
        }
      ]
    },
    "HtmlAgilityPack": {
      "Id": "HtmlAgilityPack",
      "Version": "1.11.38",
      "Dependencies": []
    },
    "Humanizer.Core": {
      "Id": "Humanizer.Core",
      "Version": "2.4.2",
      "Dependencies": []
    },
    "MailKit": {
      "Id": "MailKit",
      "Version": "3.1.1",
      "Dependencies": [
        {
          "Item1": "MimeKit",
          "Item2": "[3.1.1, )"
        }
      ]
    },
    "Microsoft.AspNet.SignalR.Client": {
      "Id": "Microsoft.AspNet.SignalR.Client",
      "Version": "2.4.0",
      "Dependencies": [
        {
          "Item1": "Newtonsoft.Json",
          "Item2": "[6.0.4, )"
        }
      ]
    },
    "Microsoft.Exchange.WebServices": {
      "Id": "Microsoft.Exchange.WebServices",
      "Version": "2.2.0",
      "Dependencies": []
    },
    "Microsoft.Extensions.FileSystemGlobbing": {
      "Id": "Microsoft.Extensions.FileSystemGlobbing",
      "Version": "5.0.0",
      "Dependencies": []
    },
    "Microsoft.Identity.Client": {
      "Id": "Microsoft.Identity.Client",
      "Version": "4.35.1",
      "Dependencies": []
    },
    "Microsoft.Identity.Client.Desktop": {
      "Id": "Microsoft.Identity.Client.Desktop",
      "Version": "4.35.1",
      "Dependencies": [
        {
          "Item1": "Microsoft.Identity.Client",
          "Item2": "[4.35.1, )"
        },
        {
          "Item1": "Microsoft.Web.WebView2",
          "Item2": "[1.0.864.35, )"
        },
        {
          "Item1": "Microsoft.Windows.SDK.Contracts",
          "Item2": "[10.0.17763.1000, )"
        }
      ]
    },
    "Microsoft.IdentityModel.JsonWebTokens": {
      "Id": "Microsoft.IdentityModel.JsonWebTokens",
      "Version": "6.12.2",
      "Dependencies": [
        {
          "Item1": "Microsoft.IdentityModel.Tokens",
          "Item2": "[6.12.2, )"
        }
      ]
    },
    "Microsoft.IdentityModel.Logging": {
      "Id": "Microsoft.IdentityModel.Logging",
      "Version": "6.12.2",
      "Dependencies": []
    },
    "Microsoft.IdentityModel.Tokens": {
      "Id": "Microsoft.IdentityModel.Tokens",
      "Version": "6.12.2",
      "Dependencies": [
        {
          "Item1": "Microsoft.IdentityModel.Logging",
          "Item2": "[6.12.2, )"
        }
      ]
    },
    "Microsoft.Rest.ClientRuntime": {
      "Id": "Microsoft.Rest.ClientRuntime",
      "Version": "2.3.20",
      "Dependencies": [
        {
          "Item1": "Newtonsoft.Json",
          "Item2": "[10.0.3, )"
        }
      ]
    },
    "Microsoft.VisualStudio.OLE.Interop": {
      "Id": "Microsoft.VisualStudio.OLE.Interop",
      "Version": "7.10.6071",
      "Dependencies": []
    },
    "Microsoft.Web.WebView2": {
      "Id": "Microsoft.Web.WebView2",
      "Version": "1.0.864.35",
      "Dependencies": []
    },
    "Microsoft.Windows.SDK.Contracts": {
      "Id": "Microsoft.Windows.SDK.Contracts",
      "Version": "10.0.17763.1000",
      "Dependencies": [
        {
          "Item1": "System.Runtime.WindowsRuntime",
          "Item2": "[4.6.0, )"
        },
        {
          "Item1": "System.Runtime.WindowsRuntime.UI.Xaml",
          "Item2": "[4.6.0, )"
        }
      ]
    },
    "MimeKit": {
      "Id": "MimeKit",
      "Version": "3.1.1",
      "Dependencies": [
        {
          "Item1": "System.Buffers",
          "Item2": "[4.5.1, )"
        },
        {
          "Item1": "Portable.BouncyCastle",
          "Item2": "[1.9.0, )"
        }
      ]
    },
    "Newtonsoft.Json": {
      "Id": "Newtonsoft.Json",
      "Version": "13.0.1",
      "Dependencies": []
    },
    "Nito.AsyncEx": {
      "Id": "Nito.AsyncEx",
      "Version": "5.1.0",
      "Dependencies": [
        {
          "Item1": "Nito.AsyncEx.Context",
          "Item2": "[5.1.0, )"
        },
        {
          "Item1": "Nito.AsyncEx.Coordination",
          "Item2": "[5.1.0, )"
        },
        {
          "Item1": "Nito.AsyncEx.Interop.WaitHandles",
          "Item2": "[5.1.0, )"
        },
        {
          "Item1": "Nito.AsyncEx.Oop",
          "Item2": "[5.1.0, )"
        },
        {
          "Item1": "Nito.AsyncEx.Tasks",
          "Item2": "[5.1.0, )"
        },
        {
          "Item1": "Nito.Cancellation",
          "Item2": "[1.1.0, )"
        }
      ]
    },
    "Nito.AsyncEx.Context": {
      "Id": "Nito.AsyncEx.Context",
      "Version": "5.1.0",
      "Dependencies": [
        {
          "Item1": "Nito.AsyncEx.Tasks",
          "Item2": "[5.1.0, )"
        }
      ]
    },
    "Nito.AsyncEx.Coordination": {
      "Id": "Nito.AsyncEx.Coordination",
      "Version": "5.1.0",
      "Dependencies": [
        {
          "Item1": "Nito.AsyncEx.Tasks",
          "Item2": "[5.1.0, )"
        },
        {
          "Item1": "Nito.Collections.Deque",
          "Item2": "[1.1.0, )"
        }
      ]
    },
    "Nito.AsyncEx.Interop.WaitHandles": {
      "Id": "Nito.AsyncEx.Interop.WaitHandles",
      "Version": "5.1.0",
      "Dependencies": [
        {
          "Item1": "Nito.AsyncEx.Tasks",
          "Item2": "[5.1.0, )"
        }
      ]
    },
    "Nito.AsyncEx.Oop": {
      "Id": "Nito.AsyncEx.Oop",
      "Version": "5.1.0",
      "Dependencies": [
        {
          "Item1": "Nito.AsyncEx.Coordination",
          "Item2": "[5.1.0, )"
        }
      ]
    },
    "Nito.AsyncEx.Tasks": {
      "Id": "Nito.AsyncEx.Tasks",
      "Version": "5.1.0",
      "Dependencies": [
        {
          "Item1": "Nito.Disposables",
          "Item2": "[2.2.0, )"
        }
      ]
    },
    "Nito.Cancellation": {
      "Id": "Nito.Cancellation",
      "Version": "1.1.0",
      "Dependencies": [
        {
          "Item1": "Nito.Disposables",
          "Item2": "[2.2.0, )"
        }
      ]
    },
    "Nito.Collections.Deque": {
      "Id": "Nito.Collections.Deque",
      "Version": "1.1.0",
      "Dependencies": []
    },
    "Nito.Disposables": {
      "Id": "Nito.Disposables",
      "Version": "2.2.0",
      "Dependencies": [
        {
          "Item1": "System.Collections.Immutable",
          "Item2": "[1.4.0, )"
        }
      ]
    },
    "NPOI": {
      "Id": "NPOI",
      "Version": "2.4.1",
      "Dependencies": [
        {
          "Item1": "SharpZipLib",
          "Item2": "[1.0.0, )"
        }
      ]
    },
    "Portable.BouncyCastle": {
      "Id": "Portable.BouncyCastle",
      "Version": "1.9.0",
      "Dependencies": []
    },
    "SharpZipLib": {
      "Id": "SharpZipLib",
      "Version": "1.0.0",
      "Dependencies": []
    },
    "System.Buffers": {
      "Id": "System.Buffers",
      "Version": "4.5.1",
      "Dependencies": []
    },
    "System.Collections.Immutable": {
      "Id": "System.Collections.Immutable",
      "Version": "1.4.0",
      "Dependencies": []
    },
    "System.IdentityModel.Tokens.Jwt": {
      "Id": "System.IdentityModel.Tokens.Jwt",
      "Version": "6.12.2",
      "Dependencies": [
        {
          "Item1": "Microsoft.IdentityModel.JsonWebTokens",
          "Item2": "[6.12.2, )"
        },
        {
          "Item1": "Microsoft.IdentityModel.Tokens",
          "Item2": "[6.12.2, )"
        }
      ]
    },
    "System.IO.Abstractions": {
      "Id": "System.IO.Abstractions",
      "Version": "3.0.10",
      "Dependencies": []
    },
    "System.Runtime.Caching": {
      "Id": "System.Runtime.Caching",
      "Version": "5.0.0",
      "Dependencies": []
    },
    "System.Runtime.WindowsRuntime": {
      "Id": "System.Runtime.WindowsRuntime",
      "Version": "4.6.0",
      "Dependencies": []
    },
    "System.Runtime.WindowsRuntime.UI.Xaml": {
      "Id": "System.Runtime.WindowsRuntime.UI.Xaml",
      "Version": "4.6.0",
      "Dependencies": [
        {
          "Item1": "System.Runtime.WindowsRuntime",
          "Item2": "[4.6.0, )"
        }
      ]
    },
    "System.Threading.Tasks.Dataflow": {
      "Id": "System.Threading.Tasks.Dataflow",
      "Version": "5.0.0",
      "Dependencies": []
    },
    "System.ValueTuple": {
      "Id": "System.ValueTuple",
      "Version": "4.5.0",
      "Dependencies": []
    },
    "UiPath": {
      "Id": "UiPath",
      "Version": "19.10.7312.25504",
      "Dependencies": []
    },
    "UiPath.Activities.RuntimeGovernance": {
      "Id": "UiPath.Activities.RuntimeGovernance",
      "Version": "1.1.3",
      "Dependencies": [
        {
          "Item1": "Newtonsoft.Json",
          "Item2": "[11.0.2, )"
        }
      ]
    },
    "UiPath.ConnectionClient": {
      "Id": "UiPath.ConnectionClient",
      "Version": "1.3.0",
      "Dependencies": [
        {
          "Item1": "Newtonsoft.Json",
          "Item2": "[11.0.2, )"
        },
        {
          "Item1": "Nito.AsyncEx",
          "Item2": "[5.1.0, )"
        },
        {
          "Item1": "System.Runtime.Caching",
          "Item2": "[5.0.0, )"
        },
        {
          "Item1": "UiPath.Telemetry.Client",
          "Item2": "[1.5.3, )"
        }
      ]
    },
    "UiPath.Excel.Activities": {
      "Id": "UiPath.Excel.Activities",
      "Version": "2.7.2",
      "Dependencies": [
        {
          "Item1": "ClosedXML",
          "Item2": "[0.87.1, )"
        },
        {
          "Item1": "CsvHelper",
          "Item2": "[2.13.5, )"
        },
        {
          "Item1": "DocumentFormat.OpenXml",
          "Item2": "[2.5.0, )"
        },
        {
          "Item1": "Microsoft.VisualStudio.OLE.Interop",
          "Item2": "[7.10.6071, )"
        },
        {
          "Item1": "NPOI",
          "Item2": "[2.4.1, )"
        },
        {
          "Item1": "SharpZipLib",
          "Item2": "[1.0.0, )"
        }
      ]
    },
    "UiPath.Mail.Activities": {
      "Id": "UiPath.Mail.Activities",
      "Version": "1.15.2",
      "Dependencies": [
        {
          "Item1": "Google.Apis.Calendar.v3",
          "Item2": "[1.55.0.2554, )"
        },
        {
          "Item1": "Google.Apis.Gmail.v1",
          "Item2": "[1.55.0.2510, )"
        },
        {
          "Item1": "Google.Apis.PeopleService.v1",
          "Item2": "[1.55.0.2567, )"
        },
        {
          "Item1": "HtmlAgilityPack",
          "Item2": "[1.11.38, )"
        },
        {
          "Item1": "MailKit",
          "Item2": "[3.1.1, )"
        },
        {
          "Item1": "Microsoft.Exchange.WebServices",
          "Item2": "[2.2.0, )"
        },
        {
          "Item1": "Microsoft.Extensions.FileSystemGlobbing",
          "Item2": "[5.0.0, )"
        },
        {
          "Item1": "Microsoft.Identity.Client.Desktop",
          "Item2": "[4.35.1, )"
        },
        {
          "Item1": "Newtonsoft.Json",
          "Item2": "[13.0.1, )"
        },
        {
          "Item1": "System.IdentityModel.Tokens.Jwt",
          "Item2": "[6.12.2, )"
        },
        {
          "Item1": "System.ValueTuple",
          "Item2": "[4.5.0, )"
        },
        {
          "Item1": "UiPath.Activities.RuntimeGovernance",
          "Item2": "[1.1.3, )"
        },
        {
          "Item1": "UiPath.ConnectionClient",
          "Item2": "[1.3.0, )"
        },
        {
          "Item1": "UiPath.Platform",
          "Item2": "[22.4.0, )"
        },
        {
          "Item1": "UiPath.Telemetry.Client",
          "Item2": "[1.5.3, )"
        }
      ]
    },
    "UiPath.OCR.Contracts": {
      "Id": "UiPath.OCR.Contracts",
      "Version": "2.2.1",
      "Dependencies": []
    },
    "UiPath.Platform": {
      "Id": "UiPath.Platform",
      "Version": "22.4.0",
      "Dependencies": [
        {
          "Item1": "Newtonsoft.Json",
          "Item2": "[11.0.2, )"
        },
        {
          "Item1": "System.IO.Abstractions",
          "Item2": "[3.0.10, )"
        },
        {
          "Item1": "System.ValueTuple",
          "Item2": "[4.5.0, )"
        }
      ]
    },
    "UiPath.System.Activities": {
      "Id": "UiPath.System.Activities",
      "Version": "19.10.1",
      "Dependencies": [
        {
          "Item1": "CsvHelper",
          "Item2": "[2.13.5, )"
        },
        {
          "Item1": "Microsoft.AspNet.SignalR.Client",
          "Item2": "[2.4.0, )"
        },
        {
          "Item1": "Microsoft.Rest.ClientRuntime",
          "Item2": "[2.3.20, )"
        },
        {
          "Item1": "Newtonsoft.Json",
          "Item2": "[11.0.2, )"
        }
      ]
    },
    "UiPath.Telemetry.Client": {
      "Id": "UiPath.Telemetry.Client",
      "Version": "1.5.3",
      "Dependencies": [
        {
          "Item1": "Newtonsoft.Json",
          "Item2": "[11.0.2, )"
        },
        {
          "Item1": "System.Threading.Tasks.Dataflow",
          "Item2": "[5.0.0, )"
        },
        {
          "Item1": "System.ValueTuple",
          "Item2": "[4.5.0, )"
        }
      ]
    },
    "UiPath.UIAutomation.Activities": {
      "Id": "UiPath.UIAutomation.Activities",
      "Version": "19.11.1",
      "Dependencies": [
        {
          "Item1": "UiPath",
          "Item2": "[19.10.7312.25504, )"
        },
        {
          "Item1": "UiPath.Vision",
          "Item2": "[2.0.0, )"
        },
        {
          "Item1": "UiPath.OCR.Contracts",
          "Item2": "[2.2.1, )"
        },
        {
          "Item1": "AvalonEdit",
          "Item2": "[5.0.3, )"
        },
        {
          "Item1": "Extended.Wpf.Toolkit",
          "Item2": "[2.8.0, )"
        },
        {
          "Item1": "Humanizer.Core",
          "Item2": "[2.4.2, )"
        },
        {
          "Item1": "Newtonsoft.Json",
          "Item2": "[11.0.2, )"
        }
      ]
    },
    "UiPath.Vision": {
      "Id": "UiPath.Vision",
      "Version": "2.0.0",
      "Dependencies": [
        {
          "Item1": "UiPath.OCR.Contracts",
          "Item2": "[2.2.1, )"
        }
      ]
    }
  }
}